{
    "milestone": [53.122664, -3.998611],
    "gorlan": [53.141574, -4.026437],
    "elephant": [53.048438, -4.026161],
    "Port Ysgo": [52.804722, -4.656976],
    "cratcliffe": [53.1589, -1.669]
  }